{
    "stat": {
        "ru_self_end": {
            "ru_utime_sec": 0.048011999999999999,
            "ru_stime_sec": 0.0040010000000000002,
            "ru_minflt": 3206,
            "ru_maxrss_kb": 70704,
            "ru_majflt": 0,
            "ru_nvcsw": 0,
            "ru_nivcsw": 1
        },
        "peak_mem_kb": 315320,
        "ru_childs_end": {
            "ru_utime_sec": 0.0,
            "ru_stime_sec": 0.0,
            "ru_minflt": 0,
            "ru_maxrss_kb": 0,
            "ru_majflt": 0,
            "ru_nvcsw": 0,
            "ru_nivcsw": 0
        },
        "cpu_cycles_end": 5095508922033
    },
    "Modules": {
        "Parser_Layer_0000": {
            "nRouts": 360,
            "start_perf": [
                0.30890178680419922,
                0.000204,
                0.0,
                314352,
                314352,
                1718039496.1700039,
                5095322609679
            ],
            "child_modules": {},
            "Compiled Times": 1,
            "Compiled": "Yes",
            "significant_routs": [
                [
                    140,
                    "R_VCSgd_CdPhZ_8c",
                    11218854,
                    8945,
                    1175
                ],
                [
                    145,
                    "R_VCSgd_CdPhZ_91",
                    6417714,
                    5574,
                    716
                ]
            ],
            "end_perf": [
                0.36059379577636719,
                0.047896000000000001,
                0.0039909999999999998,
                315320,
                315320,
                5095508551047,
                21474836481,
                0
            ],
            "nQuads": 4025,
            "nMops": 12739
        }
    },
    "reusePaths": {},
    "CompUnits": {
        "CdPhZ_d": {
            "mod": "Parser_Layer_0000",
            "checksum": 0,
            "out": "CdPhZ_d.o",
            "archive": "archive.0/_69801_archive_1.a",
            "bytes": 159650,
            "text": 100404,
            "mode": 4
        }
    },
    "ObjArchives": [
        {
            "archive": "archive.0/_69801_archive_1.a",
            "objects": [
                [
                    "CdPhZ_d.o",
                    159650
                ]
            ],
            "size": 159650
        }
    ]
}