{
    "stat": {
        "ru_self_end": {
            "ru_utime_sec": 0.233732,
            "ru_stime_sec": 0.034007999999999997,
            "ru_minflt": 18534,
            "ru_maxrss_kb": 132980,
            "ru_majflt": 0,
            "ru_nvcsw": 77,
            "ru_nivcsw": 14
        },
        "peak_mem_kb": 385860,
        "ru_childs_end": {
            "ru_utime_sec": 0.13960500000000001,
            "ru_stime_sec": 0.042743999999999997,
            "ru_minflt": 23349,
            "ru_maxrss_kb": 122236,
            "ru_majflt": 0,
            "ru_nvcsw": 87,
            "ru_nivcsw": 19
        },
        "cpu_cycles_end": 5095709494851
    },
    "Modules": {
        "...MASTER...": {
            "nRouts": 18,
            "start_perf": [
                0.30568289756774902,
                0.18306,
                0.025543,
                313372,
                385860,
                1718039496.166785,
                5095310823795
            ],
            "child_modules": {
                "std": 1,
                "asyncfifo": 1,
                "Testbench_wrapper": 1,
                "StreamParser_Top": 1,
                "parser_pkg": 1,
                "_vcs_unit__2217523639": 1,
                "syncram": 1
            },
            "end_perf": [
                0.30729985237121582,
                0.184479,
                0.025741,
                314352,
                385860,
                5095316650211,
                0,
                0
            ],
            "nQuads": 19,
            "nMops": 17
        },
        "parser_pkg": {
            "nRouts": 5,
            "start_perf": [
                0.35823678970336914,
                0.22714899999999999,
                0.034007999999999997,
                315320,
                385860,
                1718039496.2193389,
                5095500001345
            ],
            "Compiled Times": 1,
            "child_modules": {},
            "Compiled": "Yes",
            "end_perf": [
                0.35882282257080078,
                0.22773499999999999,
                0.034007999999999997,
                315320,
                385860,
                5095502133067,
                12884901889,
                0
            ],
            "nQuads": 0,
            "nMops": 0
        },
        "_vcs_unit__2217523639": {
            "nRouts": 5,
            "start_perf": [
                0.35761594772338867,
                0.22652800000000001,
                0.034007999999999997,
                315320,
                385860,
                1718039496.2187181,
                5095497768273
            ],
            "Compiled Times": 1,
            "child_modules": {},
            "Compiled": "Yes",
            "end_perf": [
                0.35821700096130371,
                0.227129,
                0.034007999999999997,
                315320,
                385860,
                5095499962163,
                4294967297,
                0
            ],
            "nQuads": 0,
            "nMops": 0
        },
        "StreamParser_Top": {
            "nRouts": 187,
            "start_perf": [
                0.30873489379882812,
                0.184479,
                0.027175999999999999,
                314352,
                385860,
                1718039496.169837,
                5095322041949
            ],
            "child_modules": {
                "Parser_Layer_0000": 3
            },
            "Compiled Times": 1,
            "Compiled": "Yes",
            "significant_routs": [
                [
                    68,
                    "R_VCSgd_Vk8Rg_44",
                    7385230,
                    5532,
                    746
                ]
            ],
            "end_perf": [
                0.32938194274902344,
                0.19851199999999999,
                0.033789,
                315320,
                385860,
                5095396217547,
                73014444033,
                0
            ],
            "nQuads": 1616,
            "nMops": 4049
        },
        "Testbench_wrapper": {
            "nRouts": 79,
            "start_perf": [
                0.32942295074462891,
                0.198548,
                0.033794999999999999,
                315320,
                385860,
                1718039496.1905251,
                5095396273925
            ],
            "Compiled Times": 1,
            "child_modules": {
                "Deparser_Layer_0000": 3
            },
            "Compiled": "Yes",
            "end_perf": [
                0.34364485740661621,
                0.21255599999999999,
                0.034007999999999997,
                315320,
                385860,
                5095447580541,
                77309411329,
                0
            ],
            "nQuads": 703,
            "nMops": 1855
        },
        "asyncfifo": {
            "nRouts": 50,
            "start_perf": [
                0.34784388542175293,
                0.216756,
                0.034007999999999997,
                315320,
                385860,
                1718039496.208946,
                5095462590819
            ],
            "Compiled Times": 1,
            "child_modules": {},
            "Compiled": "Yes",
            "end_perf": [
                0.35330796241760254,
                0.222219,
                0.034007999999999997,
                315320,
                385860,
                5095482310649,
                55834574849,
                0
            ],
            "nQuads": 401,
            "nMops": 1010
        },
        "std": {
            "nRouts": 33,
            "start_perf": [
                0.34369492530822754,
                0.21260699999999999,
                0.034007999999999997,
                315320,
                385860,
                1718039496.204797,
                5095447651713
            ],
            "child_modules": {},
            "Compiled Times": 1,
            "Compiled": "Yes",
            "end_perf": [
                0.34781789779663086,
                0.216729,
                0.034007999999999997,
                315320,
                385860,
                5095462531965,
                8589934594,
                0
            ],
            "svclass": [
                "$vcs_nba_dyn_obj",
                576,
                35,
                2,
                2,
                0,
                "sigprop$$",
                576,
                35,
                2,
                2,
                0,
                "process",
                2380,
                200,
                8,
                8,
                0,
                "event",
                597,
                34,
                2,
                2,
                0,
                "mailbox",
                1769,
                140,
                9,
                9,
                0,
                "semaphore",
                1119,
                84,
                5,
                5,
                0
            ],
            "nQuads": 218,
            "nMops": 528
        },
        "syncram": {
            "nRouts": 51,
            "start_perf": [
                0.35333490371704102,
                0.222247,
                0.034007999999999997,
                315320,
                385860,
                1718039496.214437,
                5095482355053
            ],
            "Compiled Times": 1,
            "child_modules": {},
            "Compiled": "Yes",
            "end_perf": [
                0.35759496688842773,
                0.22650600000000001,
                0.034007999999999997,
                315320,
                385860,
                5095497726077,
                64424509441,
                0
            ],
            "nQuads": 341,
            "nMops": 738
        }
    },
    "reusePaths": {},