{
    "Modules": {
        "Deparser_Layer_0000": {
            "start_perf": [
                0.27570605278015137,
                0.00020000000000000001,
                0.0,
                314080,
                314080,
                1712937049.4599941,
                8335451506503
            ],
            "child_modules": {},
            "Compiled": "Yes",
            "Compiled Times": 1,
            "nMops": 12422,
            "nQuads": 4468,
            "significant_routs": [
                [
                    180,
                    "R_VCSgd_ZVLSs_b4",
                    7866886,
                    7316,
                    803
                ],
                [
                    191,
                    "R_VCSgd_ZVLSs_bf",
                    6818614,
                    6065,
                    732
                ],
                [
                    199,
                    "R_VCSgd_ZVLSs_c7",
                    5817018,
                    5235,
                    630
                ],
                [
                    285,
                    "R_VCSgd_ZVLSs_11d",
                    6650352,
                    5765,
                    662
                ]
            ],
            "nRouts": 512,
            "end_perf": [
                0.3259580135345459,
                0.050434,
                0.0,
                315048,
                315048,
                8335632299017,
                42949672961,
                0
            ]
        }
    },
    "CompUnits": {
        "ZVLSs_d": {
            "mod": "Deparser_Layer_0000",
            "checksum": 0,
            "out": "ZVLSs_d.o",
            "bytes": 172148,
            "mode": 4,
            "text": 102428,
            "archive": "archive.0/_28416_archive_1.a"
        }
    },
    "reusePaths": {},
    "ObjArchives": [
        {
            "objects": [
                [
                    "ZVLSs_d.o",
                    172148
                ]
            ],
            "archive": "archive.0/_28416_archive_1.a",
            "size": 172148
        }
    ],
    "stat": {
        "ru_self_end": {
            "ru_stime_sec": 0.0,
            "ru_utime_sec": 0.050559,
            "ru_maxrss_kb": 70700,
            "ru_nvcsw": 2,
            "ru_minflt": 3249,
            "ru_majflt": 0,
            "ru_nivcsw": 1
        },
        "ru_childs_end": {
            "ru_stime_sec": 0.0,
            "ru_utime_sec": 0.0,
            "ru_maxrss_kb": 0,
            "ru_nvcsw": 0,
            "ru_minflt": 0,
            "ru_majflt": 0,
            "ru_nivcsw": 0
        },
        "cpu_cycles_end": 8335632671055,
        "peak_mem_kb": 315048
    }
}