{
    "Modules": {
        "Parser_Layer_0000": {
            "start_perf": [
                0.27618408203125,
                0.00018699999999999999,
                0.0,
                314080,
                314080,
                1712937049.4604721,
                8335453638853
            ],
            "child_modules": {},
            "Compiled": "Yes",
            "Compiled Times": 1,
            "nMops": 11873,
            "nQuads": 4126,
            "significant_routs": [
                [
                    167,
                    "R_VCSgd_CdPhZ_a7",
                    6781770,
                    6399,
                    727
                ],
                [
                    175,
                    "R_VCSgd_CdPhZ_af",
                    5417816,
                    4454,
                    554
                ],
                [
                    182,
                    "R_VCSgd_CdPhZ_b6",
                    5352544,
                    4928,
                    598
                ],
                [
                    266,
                    "R_VCSgd_CdPhZ_10a",
                    4907782,
                    4303,
                    481
                ]
            ],
            "nRouts": 481,
            "end_perf": [
                0.32259893417358398,
                0.038096999999999999,
                0.0084659999999999996,
                315048,
                315048,
                8335620208541,
                17179869185,
                0
            ]
        }
    },
    "CompUnits": {
        "CdPhZ_d": {
            "mod": "Parser_Layer_0000",
            "checksum": 0,
            "out": "CdPhZ_d.o",
            "bytes": 158644,
            "mode": 4,
            "text": 95320,
            "archive": "archive.0/_28417_archive_1.a"
        }
    },
    "reusePaths": {},
    "ObjArchives": [
        {
            "objects": [
                [
                    "CdPhZ_d.o",
                    158644
                ]
            ],
            "archive": "archive.0/_28417_archive_1.a",
            "size": 158644
        }
    ],
    "stat": {
        "ru_self_end": {
            "ru_stime_sec": 0.0084849999999999995,
            "ru_utime_sec": 0.038185999999999998,
            "ru_maxrss_kb": 70444,
            "ru_nvcsw": 0,
            "ru_minflt": 3164,
            "ru_majflt": 0,
            "ru_nivcsw": 3
        },
        "ru_childs_end": {
            "ru_stime_sec": 0.0,
            "ru_utime_sec": 0.0,
            "ru_maxrss_kb": 0,
            "ru_nvcsw": 0,
            "ru_minflt": 0,
            "ru_majflt": 0,
            "ru_nivcsw": 0
        },
        "cpu_cycles_end": 8335620527299,
        "peak_mem_kb": 315048
    }
}